cod_category,name_category,total_items,parti_num_items,cum_parti_num_items
MCO1574,Hogar y Muebles,4305565,5.43083916544266,5.43083916544266
MCO1132,Juegos y Juguetes,2136362,2.6947075287827293,8.12554669422539
MCO1246,Belleza y Cuidado Personal,2059954,2.5983300361764994,10.723876730401889
MCO1747,Accesorios para Vehículos,1596663,2.013956345894946,12.737833076296834
MCO1430,Ropa y Accesorios,1431321,1.805401647663095,14.543234723959928
MCO1592,Cocina,1260470,1.5898981534050722,16.133132877365
MCO3025,"Libros, Revistas y Comics",1088052,1.3724181183278423,17.505550995692843
MCO1276,Deportes y Fitness,1063357,1.3412689954622936,18.846819991155137
MCO1196,Libros Físicos,1016174,1.2817545567433146,20.128574547898452
MCO1631,Adornos y Decoración del Hogar,860546,1.0854526456957494,21.2140271935942
MCO175794,Herramientas,852205,1.0749316967659441,22.288958890360146
MCO1000,"Electrónica, Audio y Video",824783,1.0403428631065361,23.32930175346668
MCO3937,Relojes y Joyas,810070,1.021784570143555,24.351086323610236
MCO1368,"Arte, Papelería y Mercería",781489,0.9857338278629213,25.33682015147316
MCO1051,Celulares y Teléfonos,740084,0.933507489241822,26.27032764071498
MCO87919,Repuestos Carros y Camionetas,736683,0.9292176262385529,27.199545266953535
MCO176628,Muñecos y Muñecas,678137,0.8553704285351142,28.05491569548865
MCO1648,Computación,665090,0.838913550380556,28.893829245869206
MCO3813,Accesorios para Celulares,615676,0.7765850321672243,29.670414278036432
MCO1384,Bebés,563555,0.710842030228562,30.381256308264994
MCO1071,Animales y Mascotas,542265,0.683987815779988,31.065244124044984
MCO113518,Papelería,480134,0.6056186660428181,31.670862790087803
MCO7155,Iluminación para el Hogar,459712,0.5798593063683805,32.25072209645619
MCO436246,Textiles de Hogar y Decoración,457253,0.576757638292803,32.82747973474899
MCO180800,Salud y Equipamiento Médico,449388,0.5668370935939757,33.394316828342966
MCO1253,Cuidado de la Piel,440622,0.55578006945794,33.950096897800904
MCO118204,"Recuerdos, Piñatería y Fiestas",426868,0.5384314144308998,34.48852831223181
MCO1953,Otras categorías,425150,0.5362644092443029,35.02479272147611
MCO2978,Muñecos y Figuras de Acción,407685,0.5142348716518019,35.53902759312791
MCO1431,Joyería,395690,0.4991049373018422,36.038132530429756
MCO166163,Vajilla y Artículos de Servir,386800,0.4878915053409299,36.52602403577069
MCO118183,Maquillaje,361333,0.45576861763018156,36.98179265340087
MCO432437,"Carcasas, Fundas y Protectores",356465,0.44962834915034794,37.43142100255122
MCO118376,Accesorios de Moda,352089,0.44410866655631503,37.875529669107536
MCO1072,Perros,350335,0.4418962526463668,38.3174259217539
MCO3530,Otros,341811,0.4311444760395258,38.74857039779343
MCO3109,"Equipaje, Bolsos y Carteras",340632,0.42965734034977154,39.1782277381432
MCO5726,Electrodomésticos,338510,0.4269807483788991,39.6052084865221
MCO1263,Cuidado del Cabello,329371,0.41545323941480716,40.02066172593691
MCO5235,Herramientas Manuales,315684,0.3981890950673374,40.41885082100425
MCO1292,Ciclismo,307388,0.3877249070417212,40.80657572804597
MCO3835,Audio,301348,0.38010633234611824,41.18668206039209
MCO1499,Industrias y Oficinas,300728,0.37932429322173516,41.56600635361382
MCO432988,Juegos de Mesa y Cartas,284955,0.35942896562674426,41.92543531924057
MCO1039,Cámaras y Accesorios,282284,0.3560598906247649,42.281495209865334
MCO6934,Acc. para Carros y Camionetas,274908,0.346756147751459,42.62825135761679
MCO1182,Instrumentos Musicales,273541,0.34503187761753695,42.97328323523433
MCO431677,Relojes,272617,0.3438663870515209,43.31714962228585
MCO167807,Lámparas,272386,0.34357501441001687,43.66072463669586
MCO165940,Jardin y Aire Libre,271064,0.3419075051802839,44.00263214187614
MCO1362,"Camping, Caza y Pesca",265939,0.33544306886985925,44.338075210746
MCO180893,Artículos de Peluquería,263272,0.33207903928158555,44.670154250027586
MCO436273,Utensilios de Preparación,245223,0.30931287128805285,44.979467121315636
MCO166256,Baños,235189,0.2966564510073112,45.276123572322945
MCO436380,Muebles para el Hogar,233534,0.2945689110865789,45.57069248340952
MCO8830,Suplementos Alimenticios,226216,0.28533832671200565,45.85603081012153
MCO1144,Consolas y Videojuegos,221800,0.27976818998091585,46.135799000102445
MCO1442,Relojes de Pulso,219622,0.2770209622181637,46.41281996232061
MCO436298,Almacenamiento y Organización,218517,0.2756271666819648,46.688447129002576
MCO172890,Construcción,210165,0.2650923428644688,46.953539471867046
MCO169817,Fundas y Estuches,203927,0.25722402019043383,47.21076349205748
MCO438284,Pequeños Electrodomésticos,199525,0.25167154240731393,47.4624350344648
MCO5228,Herramientas Eléctricas,197666,0.24932668638759112,47.71176172085239
MCO176652,Peluches,195216,0.24623637049285152,47.95799809134524
MCO441394,Vajilla,191193,0.24116194565834645,48.19916003700359
MCO455745,Escolar,190227,0.23994347824842055,48.43910351525201
MCO1459,Inmuebles,185104,0.23348156464484873,48.672585079896855
MCO1168,"Música, Películas y Series",179258,0.22610769251397211,48.898692772410826
MCO118203,Disfraces,179098,0.2259058759657442,49.12459864837657
MCO116434,Árboles y Adornos de Navidad,176153,0.22219119012492458,49.34678983850149
MCO430687,Portátiles y Accesorios,171286,0.21605218299851736,49.56284202150001
MCO4998,Accesorios para Cámaras,165604,0.20888517282957433,49.771727194329586
MCO432871,Vehículos de Juguete,164931,0.20803628197359075,49.97976347630318
MCO454712,Perfumes y Fragancias,159631,0.20135110881354182,50.18111458511672
MCO181058,Manicure y Pedicure,156378,0.19724792611738348,50.3783625112341
MCO165955,Motor,156249,0.19708521152537475,50.57544772275948
MCO441117,Mercería,153467,0.19357612629306228,50.76902384905254
MCO1271,Perfumes,153050,0.19305014191424333,50.96207399096678
MCO176611,Muñecas y Bebotes,152730,0.19264650881778755,51.15472049978457
MCO166343,Ropa de Cama,152707,0.1926174976889798,51.347337997473545
MCO436280,Cocción y Horneado,149898,0.18907435591415386,51.536412353387696
MCO12214,Accesorios para Bicicletas,146726,0.1850733428455359,51.72148569623323
MCO1910,Otros,146195,0.18440356417610457,51.90588926040933
MCO180917,Cuidado Facial,143631,0.1811694539907526,52.08705871440009
MCO1161,Juegos de Mesa,143054,0.18044165306370574,52.26750036746379
MCO180951,Shampoos y Acondicionadores,141851,0.1789242448917173,52.44642461235551
MCO1338,Fitness y Musculación,141715,0.1787527008257236,52.62517731318123
MCO180954,Extensiones y Pelucas,141238,0.17815103524131917,52.80332834842255
MCO5208,Calzado,140589,0.1773324168675698,52.980660765290125
MCO1403,Alimentos y Bebidas,140314,0.17698554467530309,53.15764630996543
MCO169036,Accesorios para Herramientas,140095,0.17670930827491615,53.334355618240345
MCO441864,Arte y Manualidades,139690,0.17619846013721432,53.51055407837756
MCO455425,Juegos de Construcción,138704,0.17495476565875992,53.68550884403632
MCO118210,Decoración para Fiestas,138190,0.1743064299975778,53.8598152740339
MCO164723,Tapetes Decorativos,134885,0.17013765692324542,54.029952930957144
MCO176638,Bloques y Figuras para Armar,133520,0.1684159094961762,54.19836884045332
MCO1581,Para Cocina,131906,0.16638008506592736,54.364748925519244
MCO1176,Música,130755,0.16492826727211296,54.529677192791354
MCO441382,Accesorios para Baños,129456,0.16328976917118776,54.69296696196254
MCO181171,Cuidado del Hogar y Lavandería,129455,0.16328850781776133,54.8562554697803
MCO436414,Organización para el Hogar,127763,0.16115429782025137,55.017409767600554
MCO442089,Instrumentos de Cuerdas,125641,0.15847770584937892,55.17588747344993
MCO177804,Seguridad para el Hogar,125321,0.15807407275292315,55.33396154620286
MCO1435,Collares y Cadenas,123238,0.1554466735656813,55.48940821976854
MCO74122,Repuestos Motos y Cuatrimotos,123144,0.1553281063435974,55.64473632611214
MCO8475,Acc. para Motos y Cuatrimotos,122800,0.15489420076490742,55.799630526877046
MCO8589,Accesorios de Camping,121651,0.15344490567794586,55.95307543255499
MCO173811,Accesorios de Interior,120651,0.15218355225152155,56.10525898480651
MCO441115,Almacén,119303,0.15048324783270156,56.255742232639214
MCO264751,Accesorios de Peluquería,119068,0.15018682977749184,56.4059290624167
MCO163237,Videojuegos,118918,0.14999762676352818,56.55592668918023
MCO441186,Escritura,116916,0.14747239720382668,56.70339908638406
MCO116380,Otros,114289,0.14415882175260997,56.84755790813667
MCO11830,Componentes Electrónicos,113361,0.1429882857728882,56.99054619390956
MCO1392,Juegos y Juguetes para Bebés,113341,0.1429630587043597,57.13350925261392
MCO180916,Cuidado Corporal,112771,0.14224408725129783,57.27575333986522
MCO167808,Bombillos,110348,0.1391878278990717,57.41494116776429
MCO1367,Antigüedades y Colecciones,106964,0.13491940790405177,57.54986057566834
MCO3697,Audífonos,106341,0.1341335847193894,57.683994160387726
MCO5054,Cables,105769,0.1334120905594747,57.8174062509472
MCO3690,Accesorios Audio y Video,105359,0.13289493565464072,57.95030118660184
MCO116395,Vinilos Decorativos,105309,0.1328318679833195,58.08313305458516
MCO455174,Artefactos para el Cabello,105092,0.13255815428978543,58.215691208874944
MCO434764,Viaje y Paseo,102700,0.12954099689377843,58.345232205768724
MCO1259,Otros,102201,0.1289115815339927,58.474143787302715
MCO116357,Frenos,101849,0.12846758512789133,58.60261137243061
MCO118186,Rostro,101636,0.12819891684806295,58.73081028927867
MCO2102,Equipamiento para Oficinas,101572,0.1281181902287718,58.85892847950744
MCO455746,Comercial y Oficina,100493,0.12675718988165996,58.9856856693891
MCO1081,Gatos,97968,0.12357227247993852,59.10925794186904
MCO167818,Lámparas de Mesa de Noche,97593,0.1230992649450294,59.23235720681407
MCO116378,"Baterías, Ollas y Sartenes",97250,0.12266662071976585,59.355023827533834
MCO441828,Ropa Interior y de Dormir,96518,0.12174331001162325,59.47676713754546
MCO118187,Ojos,96203,0.12134598368229958,59.598113121227755
MCO173787,Accesorios de Exterior,95686,0.1206938639608382,59.71880698518859
MCO454379,Periféricos de PC,95056,0.11989921130219088,59.83870619649078
MCO180986,Higiene Personal,94530,0.11923573939989168,59.95794193589067
MCO441185,Otros,93871,0.11840450749187804,60.076346443382555
MCO7086,Accesorios,92674,0.11689466744044813,60.193241110823
MCO166170,Moldes,91792,0.11578215371834187,60.309023264541345
MCO1434,Pulseras,91599,0.11553871250704198,60.424561977048384
MCO455180,Figuras Decorativas,91549,0.11547564483572076,60.5400376218841
MCO1369,Pinturas,91326,0.11519436302162814,60.65523198490573
MCO441119,Electricidad,91159,0.11498371699941527,60.77021570190515
MCO166162,Cubiertos,91112,0.11492443338837333,60.885140135293526
MCO12953,Películas Protectoras,90004,0.11352685379189517,60.99866698908542
MCO1902,Otros,89856,0.11334017348478438,61.11200716257021
MCO167812,Lámparas de Techo,89000,0.11226045495176515,61.224267617521974
MCO434738,Otros,87875,0.11084143234703778,61.33510904986901
MCO455528,Abrigos,87790,0.11073421730579172,61.4458432671748
MCO370579,"Collares, Correas y Arneses",87446,0.11030031172710175,61.5561435789019
MCO169769,Pelucas,86755,0.10942871650944254,61.665572295411344
MCO436440,"Marcos, Letreros y Espejos",86715,0.10937826237238556,61.77495055778373
MCO5362,Cuarto del Bebé,86650,0.10929627439966798,61.8842468321834
MCO8472,Gafas y Accesorios,85573,0.10793779675940898,61.99218462894281
MCO438578,Accesorios para Consolas,85488,0.10783058171816291,62.10001521066097
MCO1472,Apartamentos,85187,0.10745091433680919,62.20746612499778
MCO454731,Accesorios,84463,0.10653769445607798,62.31400381945386
MCO3377,Accesorios para Portátiles,84344,0.10638759339833348,62.42039141285219
MCO1934,Repuestos,84204,0.10621100391863407,62.52660241677082
MCO166410,Morrales,83057,0.10476423153852538,62.631366648309346
MCO455252,Fijación,82871,0.10452961980121045,62.73589626811056
MCO430630,Mouses y Teclados,82615,0.10420671332404582,62.840102981434605
MCO166624,Instrumentos de Medición,82573,0.104153736480136,62.94425671791474
MCO157291,Ropa Interior,81954,0.10337295870917934,63.04762967662392
MCO3398,Vehículos a Escala,81003,0.1021734116006498,63.14980308822457
MCO116330,Aretes,79725,0.10056140192167952,63.250364490146254
MCO5679,Tuning,79671,0.1004932888366526,63.350857778982906
MCO5360,Lactancia y Alimentación,77356,0.09757325565448029,63.44843103463739
MCO40957,"Funcional, Pilates y Yoga",76686,0.09672814885877598,63.54515918349616
MCO157283,Camisetas,76541,0.09654525261194445,63.64170443610811
MCO431994,Equipaje y Accesorios de Viaje,75380,0.09508082128386582,63.73678525739197
MCO174883,Suspensión y Dirección,74405,0.09385100169310209,63.830636259085075
MCO432873,Hobbies,73131,0.0922440374278375,63.922880296512915
MCO113531,Otras Herramientas Manuales,73104,0.09220998088532405,64.01509027739824
MCO432947,Tablets y Accesorios,73099,0.09220367411819191,64.10729395151644
MCO7156,Estatuas,72838,0.09187446087389517,64.19916841239034
MCO157294,Vestidos,72626,0.09160705394749322,64.29077546633783
MCO436800,Rompecabezas,72123,0.09097259317400178,64.38174805951184
MCO441836,Artística y Pintura,71535,0.09023091735926426,64.4719789768711
MCO455675,Venta,70496,0.08892037114920939,64.56089934802031
MCO1474,Propiedades Individuales,70496,0.08892037114920939,64.64981971916953
MCO436140,Cortinas y Accesorios,70330,0.08871098648042296,64.73853070564995
MCO441364,Repuestos para Portátiles,70206,0.08855457865554633,64.8270852843055
MCO455388,Jardinería y Accesorios,69992,0.08828464902229154,64.91536993332778
MCO436495,Modelismo,69712,0.08793147006289272,65.00330140339068
MCO8657,Iluminación,68295,0.08614413225764946,65.08944553564832
MCO117973,Para Hogar,67407,0.08502405041498465,65.17446958606331
MCO5069,Cargadores,67267,0.08484746093528524,65.25931704699859
MCO118153,Ropa Deportiva,66975,0.08447914573476933,65.34379619273336
MCO113528,Kits de Herramientas,66795,0.08425210211801296,65.42804829485138
MCO118185,Labios,66257,0.08357349397459667,65.51162178882598
MCO430271,"Gorros, Sombreros y Boinas",66058,0.08332248464273823,65.59494427346871
MCO455396,Decoración de Exterior,65445,0.08254927499234012,65.67749354846106
MCO116438,Luces Navideñas,63776,0.08044407612363791,65.7579376245847
MCO118105,Gafas de Sol,63512,0.08011107881906189,65.83804870340376
MCO8952,Seguridad Laboral,63289,0.07982979700496927,65.91787850040873
MCO1635,Cuadros,62090,0.0783174342466865,65.99619593465542
MCO455178,Plantas y Flores Artificiales,61424,0.0774773728646879,66.07367330752011
MCO165964,Carrocería,61321,0.07734745346176619,66.15102076098188
MCO113156,Cables de Audio y Video,60982,0.07691985465020834,66.2279406156321
MCO441634,Sistemas de Monitoreo,59681,0.0752788338424303,66.30321944947453
MCO7407,Bolsos,59629,0.07521324346425623,66.37843269293879
MCO420011,Estudio e Iluminación,59500,0.07505052887224749,66.45348322181104
MCO4159,Carcasas,59305,0.07480456495409475,66.52828778676513
MCO436299,Otros,59222,0.07469987261970153,66.60298765938484
MCO87923,Otros,58571,0.07387873153909928,66.67686639092393
MCO420641,Impresión,58128,0.07331995197119331,66.75018634289513
MCO1266,Tratamientos para el Cabello,56974,0.07186435011709964,66.82205069301223
MCO116358,Filtros,56800,0.0716448746209018,66.89369556763313
MCO166165,Vasos,56792,0.0716347837934904,66.96533035142662
MCO166175,Utensillos de Repostería,56646,0.07145062619323246,67.03678097761984
MCO420277,Paseo del Bebé,56345,0.07107095881187873,67.10785193643171
MCO3698,Otros,56042,0.07068876872367216,67.17854070515538
MCO85779,Accesorios,55873,0.07047559999460645,67.24901630515
MCO441249,"Camas, Colchones y Accesorios",55402,0.0698815025307606,67.31889780768076
MCO1700,Conectividad y Redes,54926,0.06928109829978261,67.38817890598054
MCO5329,Ropa para Perros,54834,0.06916505378455158,67.45734395976508
MCO172901,"Plantas, Siembra y Cultivo",54789,0.06910829288036248,67.52645225264544
MCO432991,Juguetes Antiestrés e Ingenio,54729,0.06903261167477702,67.59548486432021
MCO117971,Preparación de Alimentos,54230,0.06840319631499128,67.6638880606352
MCO180801,Cuidado de la Salud,53875,0.06795541584861065,67.73184347648382
MCO1227,Otros,53636,0.06765395237969524,67.79949742886352
MCO431869,Organizadores de Ropa,53525,0.06751394214936213,67.86701137101288
MCO437215,Accesorios para el Cabello,53384,0.0673360913162363,67.93434746232911
MCO441759,Mantelería y Platos de Sitio,53122,0.06700561671851313,68.00135307904763
MCO176742,Arte y Manualidades,51773,0.0653040509462667,68.0666571299939
MCO116329,Anillos,51322,0.06473518055094934,68.13139231054485
MCO116391,Cortinas y Persianas,50982,0.06430632038596507,68.19569863093082
MCO169110,Extensiones y Cortinas,50968,0.06428866143799512,68.25998729236882
MCO157397,Decoración de Uñas,50709,0.06396197090055122,68.32394926326937
MCO1275,Otros,50500,0.06369834803442855,68.3876476113038
MCO180809,Ortopedia,50266,0.06340319133264524,68.45105080263644
MCO436810,Artículos para Bisutería,50120,0.0632190337323873,68.51426983636883
MCO5236,Otros,49868,0.06290117266892836,68.57717100903776
MCO180752,Accesorios de Limpieza,49820,0.06284062770446,68.64001163674222
MCO169111,Cepillos,49718,0.06271196965496471,68.70272360639719
MCO157245,Electrónicos para Niños,49683,0.06266782228503986,68.76539142868222
MCO116374,Cuchillos,49669,0.06265016333706992,68.82804159201929
MCO441358,Componentes de PC,49639,0.06261232273427719,68.89065391475357
MCO166167,Mugs,49499,0.06243573325457779,68.95308964800815
MCO439778,Otros Accesorios,48769,0.06151494525328803,69.01460459326144
MCO435360,Interruptores y Enchufes,48727,0.06146196840937821,69.07606656167081
MCO438203,Equipamiento para Camping,48586,0.06128411757625238,69.13735067924706
MCO165934,Bolígrafos y Plumas,48534,0.06121852719807831,69.19856920644514
MCO430918,Cables y Hubs USB,48149,0.060732906128904945,69.25930211257405
MCO1091,Peces,47952,0.06048441950389936,69.31978653207794
MCO165988,Lencería,47926,0.060451624314812324,69.38023815639275
MCO157280,Blusas,47704,0.06017160385414612,69.4404097602469
MCO3004,Baterías y Percusión,47044,0.059339110592706065,69.4997488708396
MCO180894,Barbería,46998,0.05928108833509055,69.55902995917468
MCO420077,Globos y Accesorios,46795,0.059025033589526404,69.6180549927642
MCO169847,Chasis,46771,0.05899476110729222,69.67704975387149
MCO113529,Llaves,46703,0.05890898907429537,69.73595874294578
MCO373499,Macetas y Materas,46676,0.058874932531781915,69.79483367547756
MCO432435,Colgantes y Soportes,46573,0.058745013128860206,69.85357868860642
MCO2818,Adultos,46151,0.05821272198290914,69.91179141058933
MCO155516,Estética y Cuidado,45993,0.058013428141534096,69.96980483873087
MCO433684,Vehículos a Control Remoto,45905,0.05790242904000876,70.02770726777088
MCO435877,Globos,45332,0.05717967352666762,70.08488694129754
MCO113520,Otros,45324,0.05716958269925622,70.1420565239968
MCO115343,Climatización,45208,0.057023265701791,70.19907978969859
MCO167820,Lámparas de Pared,45099,0.056885778178310746,70.2559655678769
MCO455326,Bases y Soportes,44788,0.05649349726269278,70.31245906513959
MCO435482,Interruptores,44650,0.05631943048984622,70.36877849562944
MCO1466,Casas,44444,0.05605959168400281,70.42483808731345
MCO455173,"Cajas, Cajones y Canastos",44404,0.05600913754694584,70.4808472248604
MCO5702,Higiene y Cuidado del Bebé,44214,0.05576948039592522,70.53661670525632
MCO432818,Juguetes de Oficios,43970,0.055461710159877685,70.5920784154162
MCO180942,Tinturas y Decolorantes,43656,0.055065645183980445,70.64714406060018
MCO1911,Otros,43101,0.05436559403231494,70.7015096546325
MCO439781,Equipamiento para Pescar,42698,0.05385726860146594,70.75536692323396
MCO1267,Otros,42643,0.0537878941630126,70.80915481739697
MCO436300,Artículos de Vino y Coctelería,42559,0.05368194047519296,70.86283675787216
MCO1889,Seguridad para Bebés,42552,0.05367311100120799,70.91650986887336
MCO441834,Billeteras y Monederos,42469,0.05356841866681477,70.97007828754018
MCO431676,Exhibidores y Joyeros,42313,0.05337164753229257,71.02344993507246
MCO174842,Repuestos de Exterior,42228,0.0532644324910465,71.07671436756351
MCO436389,"Sillas, Sofás y Butacos",42076,0.05307270677023001,71.12978707433373
MCO157281,Buzos,41974,0.05294404872073472,71.18273112305447
MCO166147,Sartenes,41900,0.05285070856717932,71.23558183162164
MCO441164,Cuentas,41711,0.052612312769585126,71.28819414439123
MCO172899,Macetas,41649,0.052534108857146815,71.34072825324837
MCO388015,Fijadores para el Cabello,41644,0.052527802090014696,71.39325605533838
MCO3691,Parlantes,41517,0.052367610204858805,71.44562366554324
MCO371425,Seguridad,41421,0.052246520275922075,71.49787018581915
MCO432770,Embalaje y Logística,41409,0.05223138403480498,71.55010156985396
MCO436382,Muebles de Guardado,41252,0.05203335154685636,71.60213492140082
MCO403697,Materiales de Obra,41201,0.05196902252210872,71.65410394392293
MCO87916,Tapetes,40714,0.051354743403440074,71.70545868732637
MCO455671,Venta,40647,0.051270232723869644,71.75672892005024
MCO1468,Propiedades Individuales,40646,0.051268971370443214,71.80799789142068
MCO39268,Cargadores con Cable,40577,0.05118193798401994,71.85917982940471
MCO1169,Películas,40568,0.05117058580318212,71.91035041520789
MCO1092,Acuarios y Accesorios,40433,0.05100030309061484,71.9613507182985
MCO441201,Artículos para Fiestas,40396,0.05095363301383714,72.01230435131234
MCO45926,Herramientas,40267,0.050790918421828396,72.06309526973416
MCO180774,Seguridad Vehicular,39874,0.050295206525243635,72.11339047625941
MCO7175,Otros,39834,0.05024475238818666,72.16363522864759
MCO6040,Linternas y Lámparas,39624,0.04997986816863755,72.21361509681623
MCO1636,Relojes,39549,0.04988526666165573,72.26350036347789
MCO441361,Lentes y Filtros,39350,0.04963425732979729,72.31313462080769
MCO417161,Interruptores Eléctricos,39245,0.049501815220022734,72.36263643602771
MCO1743,"Carros, Motos y Otros",39126,0.04935171416227824,72.41198815019
MCO455275,"Lijado, Desbaste y Pulido",39122,0.04934666874857254,72.46133481893857
MCO454904,Protección Personal,39021,0.04921927205250368,72.51055409099106
MCO5607,Tenis,38858,0.04901367144399652,72.55956776243507
MCO43673,Depilación,38830,0.04897835354805664,72.60854611598312
MCO180802,Equipamiento Médico,38591,0.04867689007914122,72.65722300606225
MCO181060,Instrumental de Manicuría,38139,0.04810675833039743,72.70532976439264
MCO118184,Esmaltes para Uñas,38107,0.04806639502075185,72.7533961594134
MCO417704,Smartwatches y Accesorios,37911,0.047819169749172684,72.80121532916257
MCO1935,Indumentaria,37853,0.04774601125044007,72.84896134041301
MCO4922,Cables de Datos,37826,0.047711954707926614,72.89667329512093
MCO441125,Costura y Bordado,37442,0.04722759499217967,72.94390089011311
MCO165607,Velas y Candelabros,37353,0.04711533453722791,72.99101622465034
MCO7412,Billeteras,37284,0.04702830115080463,73.03804452580114
MCO8415,Llantas,37122,0.04682396189572389,73.08486848769687
MCO165914,Pastillas de Freno,37092,0.04678612129293116,73.13165460898979
MCO5844,Cámaras de Seguridad,37047,0.046729360388742064,73.17838396937853
MCO5072,Auriculares y Manos Libres,36953,0.04661079316665818,73.2249947625452
MCO158239,Otros Accesorios,36943,0.04659817963239393,73.27159294217759
MCO437028,Limpieza de Vehículos,36872,0.046508623539117805,73.3181015657167
MCO441206,Pegamentos y Cortantes,36525,0.04607093390014856,73.36417249961686
MCO372049,Fijaciones,36353,0.04585398111080358,73.41002648072767
MCO113269,Otros,36295,0.04578082261207097,73.45580730333974
MCO113526,Otras Herramientas Eléctricas,36128,0.045570176589858104,73.5013774799296
MCO21948,Indumentaria y Calzado,36083,0.04551341568566901,73.54689089561528
MCO425024,Pad Mouses,35995,0.04540241658414367,73.59229331219942
MCO166160,Organizadores de Cocina,35937,0.04532925808541106,73.63762257028483
MCO166611,Pinzas,35909,0.04529394018947118,73.6829165104743
MCO155513,Juguetes para Perros,35708,0.04504040815075989,73.72795691862505
MCO1295,Patín y Skateboard,35432,0.04469227460506677,73.77264919323012
MCO180730,Flores Artificiales,35309,0.04453712813361658,73.81718632136374
MCO169848,Motor,35014,0.04416502887282141,73.86135135023656
MCO1396,Ropa para Bebés,34952,0.044086824960383096,73.90543817519695
MCO442322,Infusiones,34857,0.04396699638487279,73.94940517158182
MCO3381,Audio para Vehículos,34797,0.04389131517928733,73.9932964867611
MCO431414,Accesorios para TV,34661,0.043719771113293615,74.03701625787438
MCO414251,Botas y Botines,34654,0.043710941639308644,74.08072719951369
MCO181089,Aplicadores de Maquillajes,34547,0.043575976822681245,74.12430317633637
MCO173235,Drones y Accesorios,34493,0.04350786373765433,74.16781104007403
MCO442025,Micrófonos y Preamplificadores,34364,0.04334514914564559,74.21115618921968
MCO180810,Terapias Alternativas,34331,0.04330352448257359,74.25445971370225
MCO1024,Equipos de DJ y Accesorios,34257,0.043210184329018186,74.29766989803126
MCO442202,Repuestos de Celulares,34251,0.043202616208459645,74.34087251423972
MCO1167,Juegos de Parque y Aire Libre,34234,0.04318117320021043,74.38405368743993
MCO118193,Bases,34221,0.043164775605666915,74.42721846304559
MCO417301,Repuestos para Relojes,34101,0.043013413194495996,74.47023187624009
MCO4708,Instrumentos Ópticos,33715,0.0425265307718962,74.51275840701199
MCO436296,"Café, Té y Mate",33702,0.04251013317735269,74.55526854018935
MCO163024,Para PlayStation,33561,0.042332282344226854,74.59760082253358
MCO455052,Herrajes de Seguridad,33545,0.04231210068940407,74.63991292322298
MCO164701,Cojines,33404,0.042134249856278234,74.68204717307925
MCO165913,Encendido,33244,0.04193243330805035,74.7239796063873
MCO433069,Juegos de Agua y Playa,32962,0.04157673164179868,74.7655563380291
MCO157285,Chaquetas y Abrigos,32597,0.041116337641153806,74.80667267567026
MCO116389,Almohadas,32572,0.041084803805493196,74.84775747947575
MCO1342,Golf,32386,0.04085019206817827,74.88860767154392
MCO85773,Estuches y Protectores,32298,0.04073919296665293,74.92934686451058
MCO434767,Artículos de Peluquería,32272,0.0407063977775659,74.97005326228815
MCO455276,Perforación,32270,0.04070387507071305,75.01075713735887
MCO442085,Relojes de Pared,32207,0.04062440980484832,75.05138154716371
MCO430354,Fundas y Cuidado de la Cámara,32091,0.0404780928073831,75.09185963997109
MCO454898,Materiales,32083,0.0404680019799717,75.13232764195106
MCO435648,Juguetes para Bebés,32072,0.04045412709228103,75.17278176904334
MCO430598,Almacenamiento,32055,0.04043268408403182,75.21321445312738
MCO441729,Fundas,31907,0.040246003776921016,75.25346045690429
MCO4597,Secadores de Cabello,31855,0.04018041339874696,75.29364087030304
MCO165938,Repuestos de Interior,31784,0.04009085730547083,75.33373172760851
MCO116436,Decoración Navideña,31717,0.0400063466259004,75.37373807423441
MCO372028,Combinadas,31670,0.03994706301485845,75.41368513724927
MCO441760,Manteles,31657,0.03993066542031494,75.45361580266959
MCO116435,Adornos Navideños,31577,0.03982975714620099,75.4934455598158
MCO15046,Cunas y Moisés,31493,0.03972380345838135,75.53316936327418
MCO166133,Inyección,31419,0.03963046330482595,75.57279982657901
MCO438205,Cañas y Accesorios,31320,0.03950558931560994,75.61230541589462
MCO455488,Semiconductores,31288,0.03946522600596436,75.65177064190058
MCO166146,Ollas,31178,0.03932647712905769,75.69109711902964
MCO416545,Fundas para Almohadas,31012,0.039117092460271244,75.73021421148991
MCO455277,Corte,30975,0.03907042238349354,75.7692846338734
MCO194317,Dulces y Chocolates,30885,0.038956900575115354,75.80824153444851
MCO167457,Soportes y Estabilizadores,30878,0.03894807110113038,75.84718960554964
MCO172631,Marcadores y Resaltadores,30818,0.03887238989554492,75.88606199544519
MCO165941,Muebles para Exterior,30560,0.038546960711527446,75.92460895615672
MCO181115,Artículos de Maternidad,30385,0.038326223861903194,75.96293518001862
MCO5411,Máquinas para Cortar Cabello,30384,0.038324962508476765,76.0012601425271
MCO44067,Cuidado Bucal,30233,0.038134498141086694,76.03939464066819
MCO113160,Otros,30047,0.03789988640377177,76.07729452707197
MCO23030,Llantas para Carros,29942,0.03776744429399721,76.11506197136596
MCO6165,Billetes y Monedas,29744,0.037517696315565195,76.15257966768152
MCO375291,Linternas,29742,0.03751517360871235,76.19009484129023
MCO165949,Riego,29739,0.037511389548433076,76.22760623083866
MCO180005,Artículos de Bebés para Baños,29732,0.037502560074448105,76.2651087909131
MCO436274,Otros,29724,0.03749246924703671,76.30260126016015
MCO1715,Cables y Conectores,29706,0.03746976488536107,76.3400710250455
MCO118198,Sombras,29585,0.03731714112076373,76.37738816616627
MCO176630,Ropa para Muñecas,29535,0.03725407344944252,76.41464223961572
MCO166200,Bandejas,29443,0.037138028934211476,76.45178026854992
MCO434816,Micrófonos y Amplificadores,29326,0.03699045058331983,76.48877071913324
MCO3390,Cartas Coleccionables R.P.G.,29316,0.036977837049055585,76.5257485561823
MCO166201,Otros Accesorios,29247,0.03689080366263231,76.56263935984492
MCO1744,Carros y Camionetas,29161,0.03678232726795982,76.59942168711288
MCO180887,Aromaterapia,29092,0.036695293881536535,76.63611698099442
MCO116340,Juguetes,29008,0.036589340193716895,76.67270632118813
MCO441247,Puntas y Adaptadores,28978,0.036551499590924165,76.70925782077906
MCO1285,Fútbol,28951,0.03651744304841071,76.74577526382747
MCO167795,Pinzas de Corte,28893,0.036444284549678095,76.78221954837714
MCO166612,Destornillador,28822,0.03635472845640197,76.81857427683354
MCO437468,Taladros,28712,0.036215979579495294,76.85479025641304
MCO113525,De Mano,28659,0.036149127847894806,76.89093938426093
MCO1887,Otros,28599,0.03607344664230935,76.92701283090324
MCO420304,Cunas Convencionales,28543,0.036002810850429584,76.96301564175367
MCO176632,Casas para Muñecas y Muñecos,28431,0.03586153926667006,76.99887718102035
MCO166555,Productos de Limpieza,28362,0.035774505880246776,77.03465168690059
MCO166344,Sábanas,28316,0.03571648362263126,77.07036817052322
MCO164724,Portarretratos,28309,0.03570765414864629,77.10607582467188
MCO2736,Juguetes Eróticos,28235,0.035614313995090886,77.14169013866697
MCO7087,Afeitadoras,28216,0.035590348279988825,77.17728048694696
MCO3005,Instrumentos de Viento,28183,0.03554872361691682,77.21282921056387
MCO4102,Pilas y Cargadores,28155,0.03551340572097694,77.24834261628484
MCO163023,Para Nintendo,28094,0.03543646316196506,77.28377907944682
MCO420643,Insumos de Impresión,28084,0.035423849627700815,77.31920292907452
MCO441470,Toallas y Batas,28075,0.035412497446863,77.35461542652138
MCO6415,Ropa Deportiva,27951,0.035256089621986376,77.38987151614336
MCO47781,De Mano,27774,0.03503283006550927,77.42490434620886
MCO165948,Herramientas para Jardín,27520,0.03471244629519749,77.45961679250406
MCO441862,Juegos Completos,27493,0.03467838975268404,77.49429518225675
MCO167806,Otros,27326,0.03446774373047117,77.52876292598722
MCO21949,Otros,27297,0.03443116448110487,77.56319409046833
MCO436814,Agujas,27287,0.034418550946840626,77.59761264141517
MCO443024,Sierras,27202,0.034311335905594556,77.63192397732077
MCO177809,Cerraduras,27148,0.034243222820567645,77.66616720014133
MCO372032,Otros,27138,0.0342306092863034,77.70039780942763
MCO4633,Micrófonos,27107,0.03419150733008425,77.7345893167577
MCO435656,Aeromodelismo,27071,0.03414609860673297,77.76873541536443
MCO438178,Suplementos y Shakers,27014,0.034074201461426784,77.80280961682585
MCO431991,Accesorios,26936,0.033975815894165685,77.83678543272002
MCO437174,Collares,26903,0.03393419123109368,77.87071962395112
MCO455182,Accesorios y Repuestos,26789,0.03379039694048131,77.90451002089159
MCO1372,Antigüedades,26743,0.033732374682865794,77.93824239557446
MCO436919,Camas y Casas,26717,0.03369957949377876,77.97194197506825
MCO418339,Joyeros,26602,0.03355452384973996,78.00549649891799
MCO166192,Correas,26576,0.03352172866065293,78.03901822757865
MCO412060,Llaveros,26516,0.03344604745506747,78.07246427503372
MCO168946,Posters,26304,0.03317864052866551,78.10564291556238
MCO1618,Cocción,26211,0.033061334660008046,78.13870425022239
MCO118188,Otros,26158,0.03299448292840756,78.17169873315079
MCO409410,Té,26156,0.03299196022155471,78.20469069337234
MCO1100,Aves,26002,0.03279771179388537,78.23748840516623
MCO181175,Desechables,25948,0.03272959870885845,78.27021800387509
MCO2232,Otros,25911,0.03268292863208075,78.30290093250717
MCO432000,Bolsos de Viaje,25836,0.032588327125098925,78.33548925963227
MCO1070,Otros,25718,0.03243948742078086,78.36792874705304
MCO179551,Piscinas y Accesorios,25514,0.03218217132179029,78.40011091837484
MCO436248,Textiles de Cocina,25473,0.032130455831306894,78.43224137420614
MCO1669,Discos y Accesorios,25400,0.03203837703117792,78.46427975123733
MCO176746,Otros,25359,0.03198666154069452,78.49626641277803
MCO8425,Accesorios,25338,0.03196017311873961,78.52822658589676
MCO117972,Dispensadores y Purificadores,25332,0.03195260499818107,78.56017919089494
MCO454769,Organización para Oficinas,25260,0.03186178755147851,78.59204097844642
MCO115346,Ventiladores,25209,0.031797458526730875,78.62383843697314
MCO180783,Alarmas y Accesorios,25180,0.03176087927736457,78.65559931625052
MCO455394,Protección de Cultivos,25116,0.03168015265807341,78.68727946890859
MCO116347,Insumos para Joyeria,24858,0.031354723474055934,78.71863419238264
MCO8969,Buceo,24853,0.031348416706923815,78.74998260908956
MCO167810,Reflectores,24835,0.031325712345248176,78.7813083214348
MCO442080,Radiadores,24790,0.03126895144105908,78.81257727287587
MCO180808,Masajes,24746,0.03121345189029641,78.84379072476617
MCO173221,Accesorios y Repuestos,24551,0.030967487972143666,78.87475821273831
MCO437168,Piercings,24393,0.03076819413076862,78.90552640686909
MCO4632,Controles Remotos,24351,0.0307152172868588,78.93624162415594
MCO164710,Cajas Decorativas,24291,0.03063953608127334,78.96688116023721
MCO432984,Juntas Completas,24275,0.03061935442645055,78.99750051466366
MCO118191,Brillos Labiales,24217,0.03054619592771794,79.02804671059137
MCO417671,Medias y Pantimedias,24061,0.030349424793195745,79.05839613538457
MCO417313,Correas,24036,0.030317890957535138,79.0887140263421
MCO435678,Automodelismo,23752,0.02995966658443063,79.11867369292654
MCO169199,Jabones,23732,0.02993443951590214,79.14860813244243
MCO167791,Adaptadores,23665,0.02984992883633171,79.17845806127876
MCO447778,Accesorios para PC Gaming,23524,0.02967207800320588,79.20813013928196
MCO176683,Vehículos Montables para Niños,23499,0.029640544167545274,79.23777068344951
MCO172798,Porta Llaves,23462,0.029593874090767573,79.26736455754028
MCO436433,Cajas Decorativas,23380,0.029490443109800778,79.29685500065008
MCO375455,Recipientes Térmicos,23345,0.029446295739875925,79.32630129638996
MCO115184,Montañismo y Trekking,23318,0.02941223919736247,79.35571353558731
MCO157289,Pantalones y Jeans,23281,0.02936556912058477,79.3850791047079
MCO179996,Tornillos,23165,0.029219252123119547,79.41429835683101
MCO370459,Correas,23155,0.029206638588855305,79.44350499541987
MCO40749,Fundas,23135,0.029181411520326817,79.4726864069402
MCO441383,Barras y Cortinas de Baño,23102,0.029139786857254817,79.50182619379746
MCO177112,Escritorios,23039,0.029060321591390083,79.53088651538884
MCO166166,Platos,23031,0.02905023076397869,79.55993674615283
MCO413646,Desechables para Fiestas,23009,0.029022480988597353,79.58895922714143
MCO167690,Mascarillas,22985,0.02899220850636317,79.6179514356478
MCO454690,Mobiliario para Cocinas,22847,0.02881814173351661,79.6467695773813
MCO417842,"Hornos, Parrillas y Accesorios",22526,0.028413247283634403,79.67518282466494
MCO417823,Masajeadores,22519,0.028404417809649432,79.7035872424746
MCO455249,Corte y Desbaste,22469,0.028341350138328215,79.73192859261293
MCO117053,PlayStation 4 - PS4,22429,0.028290896001271243,79.7602194886142
MCO434834,Limpieza y Mantenimiento,22399,0.028253055398478513,79.78847254401268
MCO180918,Limpieza Facial,22385,0.02823539645050857,79.81670794046319
MCO11904,Micrófonos,22277,0.028099170280454746,79.84480711074364
MCO429452,Soportes para Carros,22268,0.028087818099616926,79.87289492884327
MCO158236,Luces,22267,0.0280865567461905,79.90098148558945
MCO164712,De Pared,22255,0.02807142050507341,79.92905290609453
MCO179914,Otros,22209,0.02801339824745789,79.95706630434198
MCO4800,Video Beams y Pantallas,22131,0.027915012680196794,79.98498131702218
